Condition,Mean_AQI,Sample_Count
Has Inversion,147.88888888888889,27
No Inversion,63.200501824817515,10960
